<?xml version="1.0" encoding="UTF-8" standalone="yes"?>
<manifest>
  <control namespace="TemplateManager" constructor="GrapeJSTemplate" version="1.0.2" display-name-key="GrapeJSTemplate" description-key="GrapeJSTemplate description" control-type="standard" api-version="1.2.1">
    <property name="multiLineHTML" display-name-key="multiLineHTMLField" description-key="Multi Line HTML Field" of-type="Multiple" usage="bound" required="true"/>
    <resources>
      <code path="bundle.js" order="1"/>
      <css path="Resources/grapes.min.css" order="1"/>
      <css path="Resources/grapesjs-preset-newsletter.css" order="2"/>
    </resources>
    <built-by name="pac" version="1.1.6"/>
  </control>
</manifest>